file_id,panopticon_event_score,panopticon_flag
1003,0.9073663353919983,True
1359,0.9996160268783569,True
713,0.6159215569496155,False
316,0.4343453049659729,False
1301,0.6670107841491699,False
345,0.7163755297660828,False
442,0.39336007833480835,False
787,0.9999510049819946,True
332,0.3766776919364929,False
1131,0.24496082961559296,False
519,0.5822256207466125,False
189,0.3562144339084625,False
1092,0.9999655485153198,True
1388,0.9999649524688721,True
958,0.9998519420623779,True
432,0.7720407247543335,False
1037,0.9999438524246216,True
286,0.3692883253097534,False
817,0.9999988079071045,True
1179,0.9728693962097168,True
1366,0.9835466146469116,True
988,0.9995566010475159,True
421,0.49742504954338074,False
1050,0.9998264908790588,True
1369,0.9998987913131714,True
1293,0.9982799291610718,True
678,0.4893244206905365,False
839,0.9989942908287048,True
913,0.9989399313926697,True
1322,0.9819375276565552,True
216,0.4038049578666687,False
509,0.5078102350234985,False
992,0.9980143308639526,True
356,0.36586707830429077,False
1338,0.5595793724060059,False
937,0.9995599389076233,True
921,0.9975134134292603,True
1045,0.9998879432678223,True
1265,0.9136255383491516,True
1477,0.9956894516944885,True
685,0.29981836676597595,False
571,0.5085357427597046,False
211,0.2649488151073456,False
1072,0.9979363679885864,True
352,0.2963722050189972,False
1419,0.9850860834121704,True
530,0.6280463337898254,False
407,0.5668802857398987,False
1413,0.9606764912605286,True
1180,0.792766809463501,False
288,0.7400453090667725,False
1384,0.992194652557373,True
1185,0.9998874664306641,True
1048,0.9999895095825195,True
1005,0.9886476397514343,True
462,0.26041996479034424,False
178,0.3817130923271179,False
693,0.33957380056381226,False
1060,0.9978147745132446,True
121,0.452170729637146,False
939,1.0,True
148,0.4804731011390686,False
828,0.999998927116394,True
1007,0.999942421913147,True
1481,0.9963686466217041,True
1409,0.9993777275085449,True
164,0.3119634985923767,False
128,0.3513041138648987,False
1104,0.9998947381973267,True
555,0.46905311942100525,False
959,0.9943406581878662,True
152,0.34876617789268494,False
1105,0.9987807869911194,True
441,0.5247077345848083,False
948,0.900784969329834,True
1373,0.9938644766807556,True
902,0.9842632412910461,True
951,0.9995203018188477,True
1246,0.9999113082885742,True
317,0.2558145225048065,False
159,0.5876689553260803,False
975,0.9998916387557983,True
1063,0.9995357990264893,True
1079,0.9999510049819946,True
463,0.5514771342277527,False
204,0.28546175360679626,False
264,0.3079032897949219,False
910,0.999948263168335,True
1023,0.9995044469833374,True
157,0.4186115860939026,False
1054,0.9994650483131409,True
872,0.9998379945755005,True
1188,0.9990620017051697,True
633,0.6408917903900146,False
1002,0.9998584985733032,True
251,0.4609549343585968,False
1386,0.9932076334953308,True
105,0.2864472270011902,False
64,0.28231698274612427,False
134,0.2404278665781021,False
1445,0.6000452637672424,False
537,0.2730708718299866,False
738,0.6704912185668945,False
195,0.4298180341720581,False
293,0.5561176538467407,False
399,0.4728759825229645,False
130,0.33678552508354187,False
1435,0.7757822275161743,False
708,0.33160775899887085,False
147,0.43818309903144836,False
1153,0.366524338722229,False
966,0.9995892643928528,True
1349,0.9018495678901672,True
860,0.9999315738677979,True
1247,0.9993707537651062,True
587,0.24075518548488617,False
1238,0.9988943934440613,True
156,0.7033407092094421,False
139,0.5415545105934143,False
474,0.8402383923530579,False
1071,0.9992873072624207,True
531,0.7834395170211792,False
609,0.28779104351997375,False
1466,0.721828043460846,False
1354,0.9218380451202393,True
1462,0.9939709901809692,True
1414,0.6381988525390625,False
732,0.4600974917411804,False
335,0.44927310943603516,False
1094,0.987208902835846,True
557,0.3201511800289154,False
1368,0.9997170567512512,True
1178,0.998749852180481,True
700,0.29914864897727966,False
1489,0.9743276238441467,True
240,0.4641740322113037,False
707,0.32214632630348206,False
1017,0.9931057095527649,True
654,0.57049161195755,False
1217,0.985110878944397,True
89,0.7244833111763,False
5,0.6574080586433411,False
464,0.30616411566734314,False
375,0.419369101524353,False
1162,0.9997119307518005,True
1127,0.9996634721755981,True
991,0.9989118576049805,True
341,0.3797388970851898,False
617,0.6229708194732666,False
1245,0.5982396602630615,False
268,0.26990950107574463,False
366,0.3963853120803833,False
425,0.6116855144500732,False
1150,0.9999567270278931,True
1399,0.9957958459854126,True
534,0.6841970682144165,False
648,0.39091312885284424,False
1320,0.9798635840415955,True
1287,0.9920585751533508,True
37,0.5504381656646729,False
788,0.9999426603317261,True
1311,0.33636364340782166,False
851,0.9999518394470215,True
259,0.5529155731201172,False
1226,0.29111650586128235,False
1171,0.9992478489875793,True
804,0.9993693232536316,True
1378,0.997930645942688,True
583,0.44950950145721436,False
24,0.2937970459461212,False
510,0.2899703085422516,False
783,1.0,True
1288,0.9999758005142212,True
1184,0.9803999662399292,True
858,0.9958468079566956,True
446,0.35480037331581116,False
389,0.6710402965545654,False
346,0.3251323401927948,False
1376,0.9972261786460876,True
619,0.586460292339325,False
580,0.5884149074554443,False
904,0.9988653659820557,True
387,0.4952673017978668,False
219,0.390036940574646,False
263,0.4894818067550659,False
215,0.6846609711647034,False
273,0.7539488673210144,False
0,0.46147775650024414,False
28,0.7036147117614746,False
1183,0.5836343169212341,False
1084,0.999783456325531,True
1107,0.9998584985733032,True
111,0.39438891410827637,False
606,0.5594097971916199,False
166,0.9369727969169617,True
650,0.7752543091773987,False
12,0.5044257044792175,False
1457,0.9952072501182556,True
526,0.4390368163585663,False
1114,0.9999926090240479,True
1026,0.9993185997009277,True
160,0.28496336936950684,False
831,0.9998931884765625,True
319,0.27151793241500854,False
254,0.6642767786979675,False
373,0.4538704454898834,False
1049,0.9999122619628906,True
689,0.4322412610054016,False
397,0.6083533763885498,False
1146,0.687978208065033,False
1177,0.9987340569496155,True
649,0.39501267671585083,False
1428,0.7125380635261536,False
885,0.9997671246528625,True
1218,0.9842198491096497,True
823,0.9972928166389465,True
1228,0.999231219291687,True
1014,0.9998493194580078,True
1439,0.9955098628997803,True
1219,0.42211055755615234,False
124,0.5016515851020813,False
1241,0.999816358089447,True
1201,0.5071755051612854,False
75,0.344114750623703,False
717,0.35936689376831055,False
1469,0.9989423155784607,True
1115,0.9998674392700195,True
1221,0.9878022074699402,True
485,0.39625024795532227,False
876,0.9998811483383179,True
1024,0.9998935461044312,True
1200,0.9963493347167969,True
1013,0.9999853372573853,True
73,0.3740476369857788,False
214,0.8545034527778625,True
468,0.34277087450027466,False
1056,0.9998898506164551,True
72,0.4578522741794586,False
642,0.6109773516654968,False
522,0.2746245265007019,False
92,0.3015211522579193,False
1474,0.9993429780006409,True
331,0.6757240295410156,False
672,0.5463736653327942,False
763,0.999790370464325,True
191,0.6558552980422974,False
900,0.9999604225158691,True
1191,0.9471176862716675,True
1186,0.661762535572052,False
1101,0.9997910857200623,True
576,0.4215957224369049,False
1215,0.9987897276878357,True
746,0.34208303689956665,False
1145,0.9963877201080322,True
524,0.869016170501709,True
1155,0.9965974688529968,True
861,0.9998688697814941,True
1417,0.9997748732566833,True
1102,0.9998182654380798,True
383,0.43452897667884827,False
203,0.48737087845802307,False
183,0.3764355480670929,False
103,0.516834020614624,False
1030,0.9999947547912598,True
767,0.9952763319015503,True
161,0.9611790180206299,True
1437,0.9992357492446899,True
847,0.9999810457229614,True
548,0.31766149401664734,False
129,0.8415611982345581,True
158,0.26719361543655396,False
769,0.9999957084655762,True
1006,0.9995177984237671,True
1312,0.6746891140937805,False
595,0.29653799533843994,False
238,0.40791353583335876,False
41,0.5303569436073303,False
163,0.3267524838447571,False
197,0.30180975794792175,False
217,0.5427538156509399,False
126,0.3938097655773163,False
154,0.4195080101490021,False
734,0.43747204542160034,False
337,0.5713161826133728,False
34,0.3646391034126282,False
1161,0.9997163414955139,True
1434,0.9959638118743896,True
498,0.5318816900253296,False
427,0.38409897685050964,False
820,0.9994382262229919,True
1117,0.9998470544815063,True
313,0.32718127965927124,False
303,0.7160340547561646,False
740,0.858655571937561,True
1076,0.9999617338180542,True
149,0.4309408366680145,False
1380,0.9019010663032532,True
431,0.3352679908275604,False
347,0.389868825674057,False
377,0.3183463215827942,False
1458,0.9905731081962585,True
1436,0.9988616704940796,True
1028,0.9994375109672546,True
208,0.45900338888168335,False
967,0.9999762773513794,True
1057,0.9988799691200256,True
1499,0.9641941785812378,True
271,0.2759278416633606,False
791,0.9900556802749634,True
122,0.23740115761756897,False
10,0.3581385612487793,False
881,0.9974722266197205,True
884,0.9992052912712097,True
1304,0.9959977865219116,True
1011,0.9999933242797852,True
333,0.3535766005516052,False
505,0.625377357006073,False
428,0.3053995370864868,False
1190,0.7166380882263184,False
873,0.9999004602432251,True
83,0.7678994536399841,False
546,0.6372523903846741,False
778,0.997973620891571,True
1,0.39108771085739136,False
581,0.4169270396232605,False
493,0.6551125645637512,False
599,0.39104169607162476,False
1334,0.9991769194602966,True
49,0.2557392120361328,False
502,0.5524013638496399,False
8,0.26377102732658386,False
483,0.27592238783836365,False
327,0.537566602230072,False
450,0.47318679094314575,False
982,0.9999972581863403,True
466,0.35917994379997253,False
236,0.338150292634964,False
730,0.8488579988479614,True
527,0.6020519733428955,False
1360,0.9997953772544861,True
1064,0.9988893866539001,True
623,0.27727699279785156,False
1169,0.9997528195381165,True
1103,0.9992491602897644,True
276,0.5523709654808044,False
716,0.4991905689239502,False
547,0.45530617237091064,False
640,0.6639704704284668,False
701,0.4262123703956604,False
336,0.4465137720108032,False
1327,0.9999597072601318,True
260,0.2693590521812439,False
1333,0.9949365854263306,True
467,0.30716121196746826,False
1410,0.9999265670776367,True
434,0.38303515315055847,False
138,0.30921679735183716,False
94,0.3110342025756836,False
1472,0.7673068046569824,False
1471,0.9996615648269653,True
1308,0.6904494166374207,False
924,0.999782145023346,True
62,0.4897187650203705,False
1329,0.9999855756759644,True
597,0.6523411870002747,False
479,0.5398202538490295,False
1081,0.9995583891868591,True
628,0.28925803303718567,False
486,0.30576130747795105,False
1087,0.9986701011657715,True
287,0.3487893342971802,False
918,0.99735426902771,True
1353,0.4977462887763977,False
173,0.5400992631912231,False
993,0.9991275668144226,True
635,0.33325377106666565,False
190,0.56949383020401,False
1142,0.332101434469223,False
639,0.45277145504951477,False
1229,0.9460179805755615,True
1230,0.9993933439254761,True
408,0.2671053111553192,False
953,0.9998210072517395,True
875,0.9952942728996277,True
970,0.9999089241027832,True
675,0.2541067898273468,False
1008,0.9977121353149414,True
614,0.5156665444374084,False
1292,0.5650602579116821,False
517,0.27165353298187256,False
413,0.31823667883872986,False
38,0.2709822654724121,False
590,0.3256584703922272,False
82,0.5378658771514893,False
551,0.43894463777542114,False
1147,0.7680467963218689,False
26,0.3722600042819977,False
1297,0.9998633861541748,True
852,0.9999960660934448,True
1383,0.9735217094421387,True
1275,0.9966050386428833,True
299,0.26709461212158203,False
58,0.7269829511642456,False
1371,0.870704174041748,True
35,0.5773494243621826,False
1309,0.9979979395866394,True
1302,0.4148090183734894,False
1041,0.9998447895050049,True
1149,0.7188507914543152,False
611,0.6645811796188354,False
378,0.2523529529571533,False
235,0.31803005933761597,False
1431,0.999710738658905,True
758,0.9997764229774475,True
799,0.9990177154541016,True
257,0.4148278534412384,False
68,0.44421425461769104,False
53,0.9358454346656799,True
930,0.9999691247940063,True
1365,0.9997338652610779,True
1339,0.39978358149528503,False
1078,0.9995790123939514,True
1086,0.9997565150260925,True
1394,0.9999701976776123,True
101,0.3340701758861542,False
620,0.5779898166656494,False
1062,0.9999951124191284,True
1497,0.9770021438598633,True
726,0.30302760004997253,False
793,0.9977657794952393,True
805,0.9997720122337341,True
1343,0.9988939166069031,True
1422,0.9771745800971985,True
785,0.9996854066848755,True
813,0.999789297580719,True
390,0.2812140882015228,False
977,0.999925971031189,True
1325,0.9830366969108582,True
1480,0.9833463430404663,True
243,0.5116313099861145,False
104,0.3166498839855194,False
405,0.37725573778152466,False
1074,0.9993088245391846,True
1404,0.9998175501823425,True
750,0.9999332427978516,True
110,0.5862404108047485,False
962,0.9998125433921814,True
604,0.7007339596748352,False
1464,0.9981728792190552,True
686,0.3507292866706848,False
834,0.9999998807907104,True
246,0.4144270122051239,False
170,0.4525240361690521,False
1277,0.9995670914649963,True
692,0.32122334837913513,False
344,0.3664129972457886,False
523,0.3878726661205292,False
1077,0.9999306201934814,True
360,0.30207550525665283,False
212,0.5487540364265442,False
1449,0.9954224228858948,True
925,0.999749481678009,True
465,0.3593914806842804,False
600,0.3794308602809906,False
443,0.5135915279388428,False
1486,0.9943740367889404,True
1357,0.43292707204818726,False
945,0.9998199343681335,True
43,0.33574289083480835,False
210,0.7233400940895081,False
1204,0.9838404059410095,True
776,0.9994063377380371,True
1160,0.33982419967651367,False
1260,0.9969858527183533,True
343,0.2725478708744049,False
969,0.9999586343765259,True
30,0.24629656970500946,False
179,0.5121958255767822,False
1476,0.4333600103855133,False
766,0.9999980926513672,True
647,0.30599600076675415,False
528,0.3946199119091034,False
577,0.9235197901725769,True
1058,0.9999479055404663,True
1251,0.998613715171814,True
133,0.36771073937416077,False
706,0.34231022000312805,False
1442,0.9803148508071899,True
135,0.5570650100708008,False
1134,0.9443393349647522,True
249,0.9580479860305786,True
789,0.9994939565658569,True
1170,0.9995676875114441,True
664,0.8195521235466003,False
1090,0.997771143913269,True
18,0.749069094657898,False
199,0.3534080982208252,False
735,0.9364482760429382,True
1036,0.9964183568954468,True
213,0.2828916013240814,False
398,0.476949006319046,False
1426,0.9997385144233704,True
533,0.5204281210899353,False
444,0.47614628076553345,False
311,0.8379828333854675,False
774,0.984919548034668,True
1047,0.9997496008872986,True
673,0.3704996705055237,False
1429,0.9559503793716431,True
972,0.9955542683601379,True
1223,0.9997361302375793,True
705,0.7858592867851257,False
496,0.8035253882408142,False
499,0.2573457956314087,False
1470,0.9989675283432007,True
225,0.33197253942489624,False
1148,0.9019898176193237,True
357,0.7659540772438049,False
1493,0.9997943043708801,True
1276,0.9998676776885986,True
325,0.5746973752975464,False
289,0.37100327014923096,False
244,0.4801417291164398,False
916,0.9990131855010986,True
908,0.999995231628418,True
544,0.7686914801597595,False
636,0.3363521993160248,False
411,0.678961992263794,False
980,0.9985163807868958,True
1478,0.9998719692230225,True
349,0.5272803902626038,False
665,0.32889631390571594,False
151,0.3257049322128296,False
295,0.8162285089492798,False
1261,0.9928336143493652,True
1173,0.9984297156333923,True
414,0.6206004619598389,False
1095,0.9999970197677612,True
1232,0.9991980195045471,True
1020,0.9998080134391785,True
1088,0.9999368190765381,True
997,0.9982824325561523,True
641,0.4485788643360138,False
1085,0.9992200136184692,True
482,0.7135360836982727,False
1019,0.9999953508377075,True
1395,0.9995173215866089,True
838,0.999992847442627,True
192,0.37281015515327454,False
1199,0.9805254340171814,True
1116,0.9999383687973022,True
136,0.8484115600585938,True
279,0.7520803809165955,False
141,0.53128981590271,False
989,0.9995476603507996,True
1125,0.9996494054794312,True
1066,0.9999723434448242,True
1377,0.9838549494743347,True
780,0.997194766998291,True
1154,0.7693983912467957,False
1379,0.9965450167655945,True
51,0.6855634450912476,False
731,0.6870948672294617,False
866,0.9996101260185242,True
169,0.2900308072566986,False
800,0.9990777969360352,True
1130,0.999686598777771,True
384,0.6759239435195923,False
724,0.4324151873588562,False
396,0.3142182528972626,False
261,0.2538102865219116,False
757,0.9995892643928528,True
574,0.3500213921070099,False
704,0.3972775638103485,False
1073,0.9992799162864685,True
540,0.5118091702461243,False
710,0.33115288615226746,False
1342,0.9992851614952087,True
1096,0.999987006187439,True
1358,0.7391811609268188,False
607,0.2614632546901703,False
932,0.9994398951530457,True
1306,0.9632817506790161,True
912,0.9999967813491821,True
230,0.6204268932342529,False
359,0.5842121243476868,False
252,0.3468583822250366,False
1262,0.9092848896980286,True
1441,0.9996249675750732,True
16,0.29028552770614624,False
1075,0.9999182224273682,True
435,0.45231056213378906,False
1355,0.39048048853874207,False
372,0.7258946299552917,False
456,0.477695494890213,False
1336,0.9988753199577332,True
965,0.9999552965164185,True
9,0.576098620891571,False
601,0.33109939098358154,False
702,0.4238605499267578,False
1258,0.9912274479866028,True
241,0.606143593788147,False
291,0.6594426035881042,False
85,0.681147038936615,False
816,0.9912700653076172,True
1122,0.9983664155006409,True
938,0.9956716299057007,True
445,0.6188748478889465,False
743,0.38488245010375977,False
358,0.37437018752098083,False
1278,0.4667292535305023,False
1257,0.9996707439422607,True
1350,0.9988573789596558,True
25,0.3347756862640381,False
854,0.999670147895813,True
613,0.5345863103866577,False
71,0.33142900466918945,False
1123,0.9995446801185608,True
765,0.9998502731323242,True
594,0.8344855904579163,False
933,0.9964505434036255,True
507,0.43323490023612976,False
78,0.6168436408042908,False
20,0.40229660272598267,False
451,0.3084571063518524,False
1393,0.9610753655433655,True
687,0.35375791788101196,False
830,0.9997894167900085,True
1345,0.5886222124099731,False
829,0.9998582601547241,True
550,0.4463834762573242,False
497,0.6396070718765259,False
1143,0.5745351314544678,False
598,0.7935622334480286,False
1080,0.9996277093887329,True
153,0.738040030002594,False
1454,0.9999817609786987,True
661,0.34336620569229126,False
418,0.5313026309013367,False
76,0.6053304076194763,False
729,0.6514096856117249,False
416,0.5736149549484253,False
232,0.9174785017967224,True
39,0.3614620268344879,False
326,0.2454402893781662,False
779,0.9991145730018616,True
946,0.9933865666389465,True
19,0.3232778012752533,False
1427,0.4050751328468323,False
400,0.3203083574771881,False
845,0.9927073121070862,True
1498,0.9995798468589783,True
1210,0.5251562595367432,False
888,0.9914685487747192,True
1158,0.9998399019241333,True
1112,0.9969184398651123,True
923,0.99437415599823,True
492,0.5042232871055603,False
865,0.9992510676383972,True
712,0.8309147357940674,False
984,0.9999687671661377,True
222,0.33453741669654846,False
31,0.4919566810131073,False
660,0.32528066635131836,False
1494,0.7842947244644165,False
976,0.9987345337867737,True
500,0.6094613671302795,False
662,0.6802412867546082,False
960,0.9967032074928284,True
320,0.5147699117660522,False
374,0.4165910482406616,False
508,0.8644099831581116,True
1273,0.7493292689323425,False
1364,0.999784529209137,True
1496,0.9996870756149292,True
296,0.3987381160259247,False
172,0.3830161988735199,False
1195,0.9998950958251953,True
98,0.3271453082561493,False
417,0.5951485633850098,False
998,0.9998663663864136,True
1163,0.9998854398727417,True
234,0.937016487121582,True
1382,0.9934810400009155,True
586,0.499769389629364,False
1242,0.349065363407135,False
1361,0.999991774559021,True
436,0.30359286069869995,False
1098,0.9994303584098816,True
552,0.378385066986084,False
561,0.3515179753303528,False
592,0.3723317086696625,False
165,0.3428225517272949,False
919,0.9999363422393799,True
742,0.8649160265922546,True
476,0.28985917568206787,False
426,0.4587451219558716,False
113,0.3295027017593384,False
1389,0.9999145269393921,True
582,0.6686751842498779,False
563,0.5476776957511902,False
1157,0.9883132576942444,True
1269,0.9998730421066284,True
1259,0.9999769926071167,True
45,0.26063302159309387,False
511,0.2558586299419403,False
683,0.23550274968147278,False
593,0.68216472864151,False
1140,0.9980081915855408,True
1216,0.9998918771743774,True
233,0.6638047695159912,False
626,0.3206873834133148,False
952,0.9970301389694214,True
974,0.9975405931472778,True
616,0.37487471103668213,False
760,0.9999114274978638,True
1053,0.9999520778656006,True
806,0.9967973828315735,True
671,0.8135135769844055,False
1401,0.9993895292282104,True
515,0.5718690156936646,False
107,0.29296332597732544,False
350,0.5923164486885071,False
655,0.4080086052417755,False
1207,0.628994345664978,False
810,0.9995073080062866,True
1331,0.9989420771598816,True
490,0.8979336023330688,True
1016,0.9996980428695679,True
1138,0.9998522996902466,True
943,0.9872431755065918,True
1044,0.9995536208152771,True
302,0.32718437910079956,False
298,0.36446499824523926,False
1225,0.9972448348999023,True
322,0.30902498960494995,False
666,0.7037703990936279,False
1119,0.9998125433921814,True
177,0.598109245300293,False
1433,0.7730650305747986,False
896,0.9992958307266235,True
934,0.9999915361404419,True
691,0.44617313146591187,False
682,0.4068637192249298,False
1089,0.9664985537528992,True
1453,0.9971948862075806,True
1025,0.9995643496513367,True
367,0.40296098589897156,False
1405,0.31885790824890137,False
1264,0.957984209060669,True
21,0.38430550694465637,False
698,0.4814104437828064,False
1243,0.9485059976577759,True
1341,0.9892728328704834,True
790,0.9742566347122192,True
1305,0.7148881554603577,False
833,0.9997804760932922,True
659,0.3519335091114044,False
718,0.41704481840133667,False
629,0.3606601655483246,False
1283,0.9968032836914062,True
807,0.9997785687446594,True
622,0.4857870638370514,False
709,0.2896353006362915,False
23,0.7946485280990601,False
985,0.999392032623291,True
1314,0.5538930892944336,False
460,0.32161882519721985,False
1010,0.9974894523620605,True
1136,0.9998031258583069,True
843,0.9999734163284302,True
1042,0.9999649524688721,True
1315,0.44708698987960815,False
127,0.7050958275794983,False
1040,0.9998738765716553,True
579,0.4700253903865814,False
895,0.999393105506897,True
495,0.7142428755760193,False
588,0.2879980802536011,False
795,0.9951722025871277,True
859,0.998618483543396,True
556,0.34248998761177063,False
1407,0.9928913116455078,True
1233,0.9907407760620117,True
13,0.27067989110946655,False
1018,0.9999932050704956,True
907,0.9998047947883606,True
424,0.3255278170108795,False
1300,0.9877514839172363,True
1423,0.9996316432952881,True
1144,0.9507702589035034,True
684,0.8671101927757263,True
1448,0.9995775818824768,True
473,0.481413871049881,False
569,0.3992856442928314,False
403,0.29114630818367004,False
553,0.5115147233009338,False
354,0.8366011381149292,False
80,0.4541935920715332,False
429,0.785652220249176,False
529,0.32947322726249695,False
1374,0.9377506375312805,True
853,0.9998525381088257,True
897,0.9994912147521973,True
651,0.4670009911060333,False
646,0.3869704008102417,False
472,0.2801424562931061,False
1420,0.998297393321991,True
711,0.5616004467010498,False
220,0.5246875882148743,False
267,0.43612048029899597,False
1151,0.9797540307044983,True
578,0.5875096321105957,False
351,0.4592505395412445,False
1375,0.9998753070831299,True
621,0.38097432255744934,False
803,1.0,True
1192,0.9974327683448792,True
55,0.5386139750480652,False
1055,0.9706313610076904,True
1106,0.9998716115951538,True
1286,0.9959443211555481,True
330,0.4219624996185303,False
6,0.5117220282554626,False
1100,0.9992825388908386,True
501,0.28130215406417847,False
312,0.32225915789604187,False
883,0.8652207851409912,True
1120,0.9996525049209595,True
458,0.7145988345146179,False
1328,0.9998235106468201,True
797,0.9999388456344604,True
1440,0.9813469648361206,True
893,0.9994078874588013,True
1346,0.9998981952667236,True
1290,0.9990719556808472,True
106,0.5478807091712952,False
1068,0.9998472929000854,True
221,0.6681106686592102,False
415,0.49765488505363464,False
48,0.28247615694999695,False
1135,0.9874269962310791,True
720,0.5211524963378906,False
116,0.29029881954193115,False
1168,0.9993860721588135,True
857,0.9997339844703674,True
703,0.4151240587234497,False
653,0.6386882662773132,False
1381,0.9965673685073853,True
459,0.3789818584918976,False
470,0.47719308733940125,False
2,0.39229798316955566,False
301,0.4243992567062378,False
223,0.6246995329856873,False
538,0.547616720199585,False
1181,0.9966945648193359,True
1000,0.9999418258666992,True
1132,0.3366144299507141,False
410,0.4423277676105499,False
478,0.33492445945739746,False
395,0.5245182514190674,False
54,0.4463457763195038,False
391,0.5946041941642761,False
1205,0.9986761212348938,True
901,0.9971381425857544,True
1319,0.9999679327011108,True
676,0.564011812210083,False
315,0.2606414258480072,False
643,0.41846784949302673,False
430,0.45867910981178284,False
542,0.5732161998748779,False
755,0.9999982118606567,True
837,0.9994169473648071,True
224,0.35112810134887695,False
549,0.27187779545783997,False
1488,0.9998968839645386,True
1254,0.999863862991333,True
869,0.9996269941329956,True
1400,0.9998435974121094,True
449,0.4031294584274292,False
404,0.5066714286804199,False
844,0.9999104738235474,True
181,0.3018700182437897,False
1340,0.841099739074707,True
1372,0.9994180202484131,True
714,0.4615836441516876,False
835,0.9998157620429993,True
61,0.5187178254127502,False
898,0.9993605017662048,True
348,0.3056967854499817,False
1004,0.9913732409477234,True
957,0.9994813799858093,True
7,0.26375532150268555,False
469,0.3523092269897461,False
513,0.5167508125305176,False
265,0.4217784106731415,False
915,0.9962959885597229,True
487,0.3475387394428253,False
889,0.9856891632080078,True
941,0.9999343156814575,True
1121,0.9998111128807068,True
954,0.9970689415931702,True
99,0.4228862226009369,False
1385,0.678947389125824,False
520,0.6364129781723022,False
784,0.9987133741378784,True
1182,0.9950207471847534,True
394,0.6404120922088623,False
638,0.28798601031303406,False
541,0.7682101130485535,False
667,0.6554449796676636,False
990,0.9999998807907104,True
371,0.37351173162460327,False
1113,0.9781177639961243,True
140,0.8737174272537231,True
22,0.7969393134117126,False
50,0.6751008033752441,False
947,0.9999650716781616,True
1266,0.8325687646865845,False
669,0.28154611587524414,False
754,0.9994196891784668,True
877,0.9998506307601929,True
201,0.6437256336212158,False
1139,0.9882603883743286,True
1335,0.677848219871521,False
308,0.34841859340667725,False
439,0.522895336151123,False
809,0.9993857145309448,True
66,0.7911782264709473,False
228,0.2574467658996582,False
850,0.9999960660934448,True
202,0.6256439089775085,False
1415,0.4546556770801544,False
1211,0.9535337090492249,True
863,0.9977430105209351,True
782,0.9997952580451965,True
1029,0.9994953870773315,True
272,0.32590538263320923,False
558,0.2870483100414276,False
753,0.9929255247116089,True
176,0.5213232636451721,False
1206,0.9998931884765625,True
920,0.9996199607849121,True
1235,0.9973867535591125,True
132,0.8540226817131042,True
63,0.31219929456710815,False
200,0.8719875812530518,True
911,0.9973905682563782,True
981,0.9998631477355957,True
826,0.9991165995597839,True
4,0.4774112403392792,False
699,0.5749625563621521,False
815,0.9993407130241394,True
369,0.3983122408390045,False
118,0.2681758403778076,False
484,0.9161243438720703,True
188,0.48788630962371826,False
644,0.43436354398727417,False
1411,0.9999308586120605,True
761,0.9999643564224243,True
781,0.999993085861206,True
618,0.3257620632648468,False
1279,0.4845895767211914,False
1391,0.9568054676055908,True
142,0.5381597876548767,False
1189,0.5293136239051819,False
381,0.5094218254089355,False
194,0.32765254378318787,False
328,0.7243221998214722,False
1267,0.5332544445991516,False
117,0.6050846576690674,False
892,0.9998295307159424,True
1271,0.9578097462654114,True
187,0.3250162899494171,False
749,0.33965638279914856,False
995,0.9999983310699463,True
879,0.9335295557975769,True
674,0.7302600145339966,False
723,0.3786359131336212,False
250,0.6167978048324585,False
447,0.606189489364624,False
535,0.4894634783267975,False
565,0.8172232508659363,False
1012,0.9997159838676453,True
1387,0.9882605075836182,True
929,0.9996558427810669,True
262,0.2874361574649811,False
819,0.9997918009757996,True
627,0.4134904444217682,False
1097,0.9995971322059631,True
940,0.9954225420951843,True
1492,0.9835154414176941,True
300,0.2860991656780243,False
84,0.7385104298591614,False
1479,0.9949593544006348,True
207,0.40237170457839966,False
318,0.31985288858413696,False
737,0.3353293836116791,False
422,0.29775434732437134,False
727,0.9440833330154419,True
1356,0.9923030138015747,True
226,0.49680182337760925,False
762,0.8667241334915161,True
74,0.46556708216667175,False
645,0.7848950028419495,False
764,0.9997637867927551,True
1272,0.9999170303344727,True
841,0.9997521042823792,True
457,0.3278224766254425,False
955,0.9954043626785278,True
292,0.46812787652015686,False
305,0.3490055501461029,False
772,0.9986817240715027,True
1137,0.9994187355041504,True
773,0.9996134638786316,True
798,0.9999877214431763,True
1326,0.9995866417884827,True
634,0.39850112795829773,False
93,0.840946614742279,True
812,0.9998648166656494,True
96,0.2580169439315796,False
1022,0.9999754428863525,True
1035,0.9952486157417297,True
525,0.8273483514785767,False
1310,0.9999761581420898,True
802,0.9878925681114197,True
867,0.9999521970748901,True
481,0.7634596824645996,False
1398,0.38479557633399963,False
379,0.5143976211547852,False
1166,0.9997532963752747,True
97,0.40010198950767517,False
656,0.5762799978256226,False
690,0.5341887474060059,False
255,0.27742892503738403,False
171,0.28057247400283813,False
1033,0.9998296499252319,True
95,0.4555986523628235,False
1227,0.9991760849952698,True
69,0.6332688927650452,False
956,0.9976164102554321,True
334,0.42662370204925537,False
1299,0.9991773962974548,True
1034,0.9991614818572998,True
67,0.9030529856681824,True
999,1.0,True
855,0.9993428587913513,True
1313,0.9203647375106812,True
849,0.998514711856842,True
728,0.5336592793464661,False
388,0.3787260353565216,False
40,0.49771368503570557,False
786,0.9986101388931274,True
1240,0.9354455471038818,True
532,0.4080018997192383,False
514,0.31422159075737,False
733,0.9681503176689148,True
688,0.8515620231628418,True
543,0.2876812815666199,False
1038,0.9898936152458191,True
596,0.30460324883461,False
770,0.9991827607154846,True
1099,0.9997792840003967,True
562,0.5700564384460449,False
697,0.2824501395225525,False
461,0.5140896439552307,False
1091,0.9996901750564575,True
56,0.3074326813220978,False
1351,0.9999233484268188,True
1082,0.9979236125946045,True
402,0.5100899934768677,False
227,0.4910074472427368,False
554,0.33096379041671753,False
868,0.9936885237693787,True
887,0.9999994039535522,True
1165,0.9981422424316406,True
899,0.9997937083244324,True
891,0.9987409710884094,True
545,0.6025158166885376,False
155,0.2869235873222351,False
1467,0.9995490908622742,True
996,0.9999878406524658,True
559,0.3275042474269867,False
886,0.9987541437149048,True
1193,0.936578631401062,True
539,0.2856264114379883,False
874,0.9995608925819397,True
143,0.9418194890022278,True
392,0.2676098346710205,False
1031,1.0,True
81,0.40302371978759766,False
307,0.2782277464866638,False
231,0.3808547556400299,False
1231,0.9992997646331787,True
585,0.6908303499221802,False
90,0.4386153817176819,False
376,0.2900051474571228,False
1424,0.999699592590332,True
239,0.522756040096283,False
1059,0.9999964237213135,True
882,0.9997331500053406,True
567,0.7081980109214783,False
27,0.34246009588241577,False
1065,0.9999998807907104,True
1495,0.36195170879364014,False
512,0.5697811245918274,False
339,0.8793219923973083,True
878,0.9998038411140442,True
936,0.9999816417694092,True
283,0.3503322899341583,False
1061,0.9998776912689209,True
696,0.4800536334514618,False
516,0.745187520980835,False
777,0.9999972581863403,True
1156,0.7740389704704285,False
488,0.7107795476913452,False
1194,0.9993788003921509,True
771,0.9968926310539246,True
150,0.5714367628097534,False
477,0.30778470635414124,False
575,0.2891720235347748,False
1397,0.2825125455856323,False
248,0.5641294121742249,False
471,0.35685980319976807,False
1152,0.9933391213417053,True
323,0.27654844522476196,False
973,0.9848036766052246,True
11,0.28692272305488586,False
412,0.47306254506111145,False
409,0.43709197640419006,False
480,0.3447270393371582,False
79,0.31152772903442383,False
1282,0.9996697902679443,True
1303,0.9951908588409424,True
792,0.9999158382415771,True
370,0.2815161943435669,False
1111,0.9967750906944275,True
657,0.47668081521987915,False
1285,0.9621443152427673,True
60,0.40931427478790283,False
751,0.9999959468841553,True
1222,0.5814569592475891,False
1128,0.9997755885124207,True
821,0.9776426553726196,True
1284,0.9993002414703369,True
905,0.9969499707221985,True
168,0.26791954040527344,False
1324,0.9962700605392456,True
120,0.3434624671936035,False
1021,0.9999520778656006,True
903,0.999667763710022,True
44,0.3805355429649353,False
270,0.40395721793174744,False
362,0.29737672209739685,False
631,0.6107853651046753,False
1323,0.9996517896652222,True
521,0.5095712542533875,False
836,0.9780920147895813,True
114,0.3052496910095215,False
1027,0.9995166063308716,True
560,0.3008823096752167,False
1043,0.9998477697372437,True
1344,0.9995966553688049,True
572,0.7722749710083008,False
668,0.45023730397224426,False
1118,0.999919056892395,True
832,0.9999891519546509,True
978,0.9854043126106262,True
258,0.34828516840934753,False
796,0.9999605417251587,True
57,0.30294573307037354,False
70,0.30097973346710205,False
91,0.4605362117290497,False
680,0.3257698714733124,False
108,0.966525673866272,True
890,0.9963143467903137,True
964,0.9994223117828369,True
196,0.3395267724990845,False
917,0.9625372290611267,True
625,0.3033152222633362,False
1416,0.9492819309234619,True
694,0.34652483463287354,False
971,0.9991638660430908,True
1438,0.9990062117576599,True
1263,0.9809777736663818,True
218,0.5883997678756714,False
725,0.8110672235488892,False
1224,0.9852619767189026,True
944,0.9999265670776367,True
489,0.25528067350387573,False
59,0.2690047323703766,False
167,0.849927544593811,True
1390,0.9997114539146423,True
1485,0.9993938207626343,True
722,0.8976431488990784,True
242,0.4928429126739502,False
1412,0.7118241190910339,False
942,0.9999120235443115,True
1001,0.988628625869751,True
86,0.34214749932289124,False
615,0.41597291827201843,False
329,0.3304540514945984,False
1451,0.9990329742431641,True
294,0.70189368724823,False
15,0.34253597259521484,False
928,0.9966801404953003,True
814,0.9999582767486572,True
65,0.261516809463501,False
1337,0.9896641373634338,True
297,0.48126909136772156,False
437,0.63739413022995,False
894,0.995589017868042,True
423,0.8128939867019653,False
237,0.5447753071784973,False
321,0.5038282871246338,False
605,0.6326245069503784,False
1406,0.9999418258666992,True
393,0.36218497157096863,False
822,0.9997559189796448,True
314,0.2717682421207428,False
1167,0.3402528762817383,False
963,0.9995684027671814,True
909,0.9765691757202148,True
775,0.9988730549812317,True
368,0.7816082835197449,False
756,0.9999949932098389,True
253,0.2502099275588989,False
180,0.48885539174079895,False
1281,0.8815554976463318,True
608,0.2667669951915741,False
1460,0.6134882569313049,False
1295,0.9955399632453918,True
612,0.4838486611843109,False
1015,0.9987926483154297,True
1236,0.9993708729743958,True
1129,0.9999040365219116,True
361,0.3992769122123718,False
342,0.7064030170440674,False
589,0.4871116280555725,False
1244,0.9994452595710754,True
1363,0.9815358519554138,True
1052,0.9999831914901733,True
1124,0.9999995231628418,True
987,0.9988442659378052,True
144,0.5199543833732605,False
1332,0.9996457099914551,True
174,0.34792545437812805,False
824,0.991613507270813,True
452,0.2963525950908661,False
42,0.3128482699394226,False
115,0.7394813299179077,False
1446,0.9630537033081055,True
256,0.5552968382835388,False
871,0.9999978542327881,True
1046,0.9986500144004822,True
269,0.5147867798805237,False
1452,0.9956421852111816,True
825,0.9997498393058777,True
33,0.8193085193634033,False
1280,0.9988516569137573,True
1403,0.8231810331344604,False
1051,0.9997170567512512,True
986,0.9996917247772217,True
808,0.9999555349349976,True
47,0.446148157119751,False
1307,0.9974427223205566,True
752,0.9999421834945679,True
88,0.3432627320289612,False
670,0.2416205108165741,False
935,0.9999736547470093,True
1444,0.9434426426887512,True
794,0.9994074106216431,True
125,0.6414910554885864,False
209,0.27903464436531067,False
1465,0.9999593496322632,True
309,0.3945712149143219,False
1421,0.9987218976020813,True
536,0.3363284766674042,False
380,0.2570933401584625,False
440,0.23836077749729156,False
1289,0.9392931461334229,True
185,0.4291737973690033,False
419,0.4582597613334656,False
284,0.5773367881774902,False
1270,0.9991170763969421,True
610,0.6506699919700623,False
491,0.3362974524497986,False
162,0.9249426126480103,True
29,0.42385435104370117,False
1126,0.33559104800224304,False
856,0.9999997615814209,True
112,0.406892865896225,False
1174,0.3781210482120514,False
1069,0.9779878854751587,True
1459,0.37800586223602295,False
274,0.7999065518379211,False
304,0.7838669419288635,False
870,0.9997338652610779,True
1408,0.9995864033699036,True
324,0.799434244632721,False
768,0.9989035129547119,True
102,0.34177088737487793,False
926,0.9997281432151794,True
744,0.5836604833602905,False
282,0.47778746485710144,False
3,0.5873459577560425,False
566,0.27587875723838806,False
1187,0.657814085483551,False
1070,0.9996706247329712,True
801,0.9987474679946899,True
306,0.29345497488975525,False
1468,0.9998856782913208,True
864,0.9999980926513672,True
695,0.6056250333786011,False
1237,0.9999774694442749,True
811,0.9997484087944031,True
961,0.9983673691749573,True
36,0.3022434413433075,False
1093,0.994776725769043,True
285,0.3141019940376282,False
1252,0.6685102581977844,False
1362,0.9926498532295227,True
1032,0.9996191263198853,True
182,0.5181541442871094,False
137,0.4127533435821533,False
1455,0.9940367937088013,True
1141,0.9997649788856506,True
1176,0.999320387840271,True
198,0.8883082866668701,True
506,0.3019075095653534,False
109,0.45351260900497437,False
1490,0.9224481582641602,True
184,0.533427894115448,False
1203,0.40167269110679626,False
1172,0.9969614148139954,True
983,0.9997656941413879,True
564,0.2843209505081177,False
1220,0.9988781809806824,True
818,0.9999792575836182,True
1268,0.5655055642127991,False
1347,0.9963919520378113,True
1164,0.9999276399612427,True
504,0.349376916885376,False
922,0.9999231100082397,True
1213,0.43334412574768066,False
1491,0.997814416885376,True
247,0.27506953477859497,False
186,0.3960355520248413,False
438,0.4737807810306549,False
949,0.9940822720527649,True
573,0.3734596073627472,False
950,0.9999972581863403,True
1039,0.9996585845947266,True
1291,0.999922513961792,True
747,0.44904759526252747,False
1321,0.9991171956062317,True
145,0.6575231552124023,False
842,0.9984697699546814,True
1196,0.9976776242256165,True
1425,0.9999549388885498,True
119,0.4201810657978058,False
290,0.47939440608024597,False
401,0.5073162913322449,False
32,0.3910604417324066,False
229,0.393828809261322,False
206,0.4269683063030243,False
46,0.6358157396316528,False
454,0.29476049542427063,False
1209,0.9996122717857361,True
277,0.6108490228652954,False
906,0.9999167919158936,True
1296,0.956367552280426,True
739,0.733855128288269,False
584,0.5677765607833862,False
310,0.25195127725601196,False
1274,0.9997817873954773,True
719,0.447211354970932,False
338,0.43603795766830444,False
175,0.7442277669906616,False
591,0.807705819606781,False
365,0.7028048038482666,False
1461,0.9994614720344543,True
14,0.32630106806755066,False
1348,0.9944525361061096,True
840,0.9900429248809814,True
1197,0.9998977184295654,True
759,0.9997499585151672,True
205,0.5767294764518738,False
245,0.3189564347267151,False
386,0.30774426460266113,False
632,0.6319891214370728,False
455,0.5789815783500671,False
931,0.9999405145645142,True
355,0.4196327328681946,False
1367,0.999001681804657,True
736,0.5010841488838196,False
1370,0.986190915107727,True
681,0.2987006604671478,False
1456,0.9998561143875122,True
1083,0.9998931884765625,True
1256,0.3871203362941742,False
1110,0.9995051622390747,True
280,0.4674147367477417,False
715,0.44997602701187134,False
193,0.3992113769054413,False
1443,0.9896312355995178,True
123,0.4072839617729187,False
1402,0.9977757334709167,True
1482,0.9998396635055542,True
131,0.5236907005310059,False
1212,0.9960214495658875,True
1447,0.40852534770965576,False
994,0.9957290291786194,True
1392,0.5779587626457214,False
677,0.3658568561077118,False
979,0.9970570802688599,True
100,0.36213505268096924,False
1108,0.9999992847442627,True
364,0.3280574381351471,False
848,0.9997934699058533,True
1255,0.9835599660873413,True
1234,0.9999691247940063,True
846,0.9999626874923706,True
927,0.9731299877166748,True
1202,0.9728042483329773,True
568,0.5632176995277405,False
1133,0.9996534585952759,True
448,0.41963323950767517,False
1450,0.9999191761016846,True
278,0.503117024898529,False
1432,0.9998133778572083,True
658,0.5285955667495728,False
624,0.5512157082557678,False
914,0.9984586238861084,True
1430,0.28210633993148804,False
862,0.9984623193740845,True
275,0.8669741749763489,True
827,1.0,True
77,0.8825794458389282,True
880,0.9992984533309937,True
340,0.7026399374008179,False
146,0.3563500940799713,False
1294,0.8336357474327087,False
494,0.2722685635089874,False
475,0.287373811006546,False
52,0.3731851279735565,False
1109,1.0,True
363,0.5329645872116089,False
1067,0.9972047209739685,True
1208,0.9995237588882446,True
1248,0.3689839541912079,False
266,0.3386942744255066,False
630,0.5451309680938721,False
518,0.6472830176353455,False
353,0.3310615122318268,False
1198,0.9998469352722168,True
603,0.8569760918617249,True
